Date,BOD (mg/L),COD (mg/L),TSS (mg/L),TN (mg/L),TP (mg/L)
2020-01-01,158.23,264.82,196.17,41.2,5.39
2020-01-02,152.11,287.25,199.18,38.52,4.96
2020-01-03,159.09,281.61,203.55,38.57,6.07
2020-01-04,170.93,286.69,208.4,37.75,5.04
2020-01-05,156.59,313.87,204.14,35.03,4.78
2020-01-06,152.84,345.84,209.38,39.89,4.84
2020-01-07,171.31,329.75,235.54,43.02,5.16
2020-01-08,168.88,292.62,233.74,43.86,5.03
2020-01-09,155.72,317.02,231.89,45.32,5.39
2020-01-10,162.94,341.23,208.88,44.17,4.95
2020-01-11,155.1,311.65,195.11,40.97,4.7
2020-01-12,153.27,313.85,223.98,44.95,4.5
2020-01-13,160.7,318.72,231.97,38.6,4.3
2020-01-14,140.84,304.47,245.52,38.43,4.86
2020-01-15,137.4,331.37,213.96,38.3,5.12
2020-01-16,149.12,324.35,211.75,45.55,5.1
2020-01-17,148.44,334.67,187.12,47.39,5.77
2020-01-18,162.7,311.37,202.25,46.48,5.98
2020-01-19,154.68,314.89,231.8,48.4,5.51
2020-01-20,147.51,341.35,215.75,42.28,4.88
2020-01-21,176.1,327.34,231.0,44.87,5.14
2020-01-22,167.44,368.26,221.72,44.13,5.22
2020-01-23,168.44,336.91,228.62,47.44,5.24
2020-01-24,153.59,341.64,205.61,45.2,5.25
2020-01-25,158.89,358.94,220.96,43.72,5.28
2020-01-26,167.87,315.77,172.39,46.64,5.4
2020-01-27,157.82,296.63,207.55,48.82,5.37
2020-01-28,171.33,296.82,193.5,44.2,5.67
2020-01-29,165.63,356.41,239.57,45.07,5.83
2020-01-30,167.66,337.16,246.53,41.96,5.45
2020-01-31,165.5,397.66,243.82,36.12,6.11
2020-02-01,191.1,351.2,262.09,43.93,5.54
2020-02-02,179.67,353.93,224.97,47.83,5.16
2020-02-03,165.75,384.2,261.64,47.91,5.76
2020-02-04,181.79,403.95,258.99,40.31,5.54
2020-02-05,165.6,411.95,238.34,43.74,5.88
2020-02-06,176.22,397.34,256.76,38.35,5.05
2020-02-07,157.09,389.99,223.64,49.41,6.14
2020-02-08,158.42,379.6,219.22,44.25,6.23
2020-02-09,175.28,381.26,222.25,51.01,5.51
2020-02-10,186.46,354.7,225.12,52.06,5.32
2020-02-11,184.28,341.97,217.31,46.02,6.38
2020-02-12,181.04,356.1,255.41,43.51,5.86
2020-02-13,178.54,357.66,241.45,48.05,5.69
2020-02-14,165.84,352.99,248.49,45.34,5.15
2020-02-15,170.4,376.53,234.98,47.94,5.67
2020-02-16,174.88,389.82,209.56,46.77,5.88
2020-02-17,192.56,376.37,239.03,41.97,6.29
2020-02-18,190.75,402.27,210.18,39.06,5.68
2020-02-19,168.46,355.78,234.28,46.88,5.47
2020-02-20,184.06,362.47,219.24,46.56,6.11
2020-02-21,181.66,354.2,273.93,46.59,6.5
2020-02-22,178.23,328.28,271.96,51.06,5.73
2020-02-23,191.08,358.65,257.73,54.16,6.44
2020-02-24,199.68,367.61,274.16,50.11,6.3
2020-02-25,201.54,405.3,242.6,48.74,6.63
2020-02-26,183.84,398.71,257.87,51.35,6.34
2020-02-27,184.41,362.6,256.85,45.72,5.4
2020-02-28,191.62,412.83,258.07,49.63,5.96
2020-02-29,200.85,415.19,276.47,52.04,6.56
2020-03-01,188.64,403.06,272.92,53.28,6.07
2020-03-02,188.34,383.01,264.45,44.56,6.1
2020-03-03,178.86,362.14,228.26,46.13,6.2
2020-03-04,175.34,368.74,229.91,46.26,5.28
2020-03-05,195.64,401.92,245.39,49.78,6.61
2020-03-06,207.69,429.08,254.14,52.24,6.12
2020-03-07,196.56,430.54,235.66,56.59,6.47
2020-03-08,204.74,388.76,292.4,50.98,6.38
2020-03-09,200.69,363.43,294.05,49.34,6.83
2020-03-10,189.12,382.72,278.82,54.67,6.67
2020-03-11,196.43,348.83,265.24,53.33,6.41
2020-03-12,211.17,382.97,256.45,56.38,6.1
2020-03-13,199.27,383.71,241.11,53.91,6.61
2020-03-14,212.68,377.59,254.75,48.16,5.83
2020-03-15,172.94,352.4,262.22,45.85,6.48
2020-03-16,197.33,389.43,238.42,44.44,6.07
2020-03-17,197.08,378.87,259.06,51.8,6.78
2020-03-18,193.1,362.61,256.87,55.88,6.61
2020-03-19,196.15,322.25,225.71,59.45,6.74
2020-03-20,175.36,370.12,234.85,57.03,6.58
2020-03-21,187.8,422.51,245.56,57.45,5.89
2020-03-22,197.7,436.11,289.18,51.5,6.0
2020-03-23,212.54,395.89,279.09,47.72,6.58
2020-03-24,196.12,380.96,243.06,53.63,6.57
2020-03-25,188.23,399.12,264.23,53.9,6.93
2020-03-26,189.16,373.89,235.08,52.91,6.77
2020-03-27,204.38,393.75,272.43,53.61,6.24
2020-03-28,202.84,409.55,256.5,53.6,6.14
2020-03-29,193.41,424.05,258.38,56.97,6.43
2020-03-30,201.57,400.59,283.81,58.02,5.67
2020-03-31,199.67,391.42,245.74,55.71,6.84
2020-04-01,208.27,374.54,232.4,56.07,6.76
2020-04-02,193.32,370.55,242.64,55.02,7.01
2020-04-03,192.76,381.95,274.07,51.28,6.1
2020-04-04,191.9,397.8,238.72,54.41,6.81
2020-04-05,180.37,413.98,205.1,47.82,7.37
2020-04-06,195.36,382.71,236.62,54.39,6.29
2020-04-07,199.45,421.45,263.57,48.48,6.7
2020-04-08,197.94,395.92,282.92,51.87,6.55
2020-04-09,194.91,393.38,259.53,48.91,5.96
2020-04-10,181.53,377.23,253.31,52.89,6.5
2020-04-11,187.89,337.01,278.72,52.01,6.77
2020-04-12,190.52,394.23,233.31,46.25,6.35
2020-04-13,186.39,408.1,245.46,51.55,6.84
2020-04-14,191.78,390.67,259.09,49.61,5.99
2020-04-15,199.21,392.51,267.54,54.1,5.79
2020-04-16,216.88,402.23,253.12,52.33,6.3
2020-04-17,204.08,361.23,258.12,53.14,6.4
2020-04-18,200.97,370.34,215.28,48.6,6.17
2020-04-19,196.4,400.55,234.24,48.48,6.63
2020-04-20,175.5,366.26,259.16,48.86,6.66
2020-04-21,188.93,388.14,241.27,53.53,6.78
2020-04-22,193.69,359.68,253.88,57.75,6.47
2020-04-23,220.16,389.04,264.19,50.27,6.62
2020-04-24,200.02,386.91,253.19,54.56,6.29
2020-04-25,198.96,352.68,258.59,44.42,7.06
2020-04-26,194.9,400.36,240.08,44.74,6.28
2020-04-27,181.55,374.32,247.46,45.59,7.06
2020-04-28,201.59,364.45,263.65,44.4,6.56
2020-04-29,203.26,382.23,260.24,43.17,5.91
2020-04-30,203.92,406.98,245.87,49.72,6.67
2020-05-01,186.01,368.42,255.4,49.42,6.45
2020-05-02,204.65,378.95,266.48,51.33,6.63
2020-05-03,180.52,389.27,221.05,52.92,6.8
2020-05-04,193.88,397.35,263.19,51.83,6.54
2020-05-05,214.44,388.33,249.28,52.79,6.12
2020-05-06,186.91,373.62,258.03,50.45,6.54
2020-05-07,182.8,358.92,273.74,45.76,6.31
2020-05-08,188.25,373.07,233.08,52.12,6.47
2020-05-09,183.23,352.34,232.03,48.17,5.51
2020-05-10,170.4,306.63,238.64,45.69,6.12
2020-05-11,183.22,362.76,231.5,47.5,5.92
2020-05-12,174.85,388.72,272.98,45.38,6.64
2020-05-13,188.11,327.2,239.59,46.38,6.49
2020-05-14,177.11,336.44,234.36,49.25,6.3
2020-05-15,199.37,372.69,245.6,50.02,6.31
2020-05-16,181.18,413.02,223.86,45.79,5.79
2020-05-17,180.19,381.59,230.94,45.85,6.53
2020-05-18,191.43,355.66,245.02,51.23,6.87
2020-05-19,172.95,358.55,237.34,50.72,6.4
2020-05-20,182.32,391.33,238.69,55.98,6.66
2020-05-21,196.06,357.91,230.92,54.32,5.97
2020-05-22,169.17,343.84,210.8,53.58,5.67
2020-05-23,179.51,345.43,236.33,44.39,5.86
2020-05-24,182.98,335.18,268.51,49.04,6.04
2020-05-25,189.07,353.84,247.2,47.46,5.79
2020-05-26,169.27,390.11,243.84,45.13,6.03
2020-05-27,162.01,372.78,250.42,46.83,6.0
2020-05-28,178.74,354.6,217.47,49.94,5.52
2020-05-29,180.94,347.41,258.98,49.19,5.9
2020-05-30,180.66,317.65,244.57,44.02,6.11
2020-05-31,181.12,359.17,264.65,48.01,5.92
2020-06-01,170.02,350.51,228.66,44.26,6.19
2020-06-02,175.8,344.81,261.88,45.99,5.43
2020-06-03,177.7,413.0,252.96,44.57,5.77
2020-06-04,167.21,371.71,245.75,44.3,5.28
2020-06-05,190.67,336.3,237.36,47.54,5.14
2020-06-06,182.61,331.53,225.74,42.06,5.25
2020-06-07,162.21,362.18,246.96,50.73,5.16
2020-06-08,175.0,348.65,234.1,40.02,5.25
2020-06-09,161.21,311.01,192.7,40.95,5.38
2020-06-10,175.07,348.21,194.48,44.48,5.77
2020-06-11,182.62,325.03,210.63,46.16,5.46
2020-06-12,163.6,370.42,223.48,44.13,4.91
2020-06-13,176.11,366.35,220.23,43.53,5.68
2020-06-14,173.57,332.03,240.88,44.85,5.21
2020-06-15,176.58,356.98,190.91,42.86,5.32
2020-06-16,188.25,337.95,211.88,47.81,5.51
2020-06-17,168.74,347.68,183.14,47.22,5.47
2020-06-18,157.02,341.81,218.93,47.01,5.75
2020-06-19,151.55,311.05,214.01,40.37,5.6
2020-06-20,150.15,305.01,220.83,41.34,5.07
2020-06-21,156.96,337.28,199.7,40.72,5.95
2020-06-22,162.86,317.24,230.15,37.92,5.51
2020-06-23,163.42,308.7,234.42,41.72,5.24
2020-06-24,168.83,293.49,226.96,39.57,5.53
2020-06-25,161.37,316.8,211.53,42.96,5.34
2020-06-26,173.71,357.14,218.59,37.79,5.32
2020-06-27,158.84,302.43,197.47,45.86,6.03
2020-06-28,185.18,307.86,217.76,38.98,5.26
2020-06-29,170.54,337.55,237.02,40.68,4.99
2020-06-30,150.04,314.05,231.94,43.05,5.05
2020-07-01,141.11,317.09,198.19,38.84,5.38
2020-07-02,154.2,285.11,206.44,42.42,4.56
2020-07-03,150.17,305.73,179.24,36.06,4.13
2020-07-04,158.26,297.92,203.0,43.4,4.47
2020-07-05,157.62,319.12,207.28,40.42,4.19
2020-07-06,151.16,328.64,167.23,37.24,4.51
2020-07-07,140.55,359.86,166.89,37.19,4.91
2020-07-08,129.82,325.94,181.45,40.91,4.53
2020-07-09,137.28,309.36,184.79,37.0,4.21
2020-07-10,152.66,300.55,169.17,35.11,4.61
2020-07-11,150.0,285.34,191.75,36.25,5.0
2020-07-12,133.34,294.24,195.41,33.1,4.2
2020-07-13,142.7,282.53,188.0,42.51,4.82
2020-07-14,147.21,287.71,175.24,36.84,4.99
2020-07-15,134.71,312.33,202.29,39.89,5.07
2020-07-16,141.33,269.87,220.32,38.48,5.17
2020-07-17,141.79,301.16,187.6,33.75,5.53
2020-07-18,128.8,313.22,174.84,35.61,4.72
2020-07-19,140.14,285.67,189.64,38.8,4.63
2020-07-20,145.16,234.3,178.53,36.21,4.4
2020-07-21,151.64,249.66,178.34,40.14,4.46
2020-07-22,152.77,293.25,192.99,40.58,4.99
2020-07-23,127.07,277.6,150.35,40.22,4.13
2020-07-24,123.48,251.4,193.38,35.15,4.02
2020-07-25,137.15,252.93,183.83,31.33,4.76
2020-07-26,140.75,280.65,171.83,31.68,4.84
2020-07-27,141.35,281.82,173.22,34.49,4.36
2020-07-28,176.09,264.7,173.89,36.43,4.63
2020-07-29,151.57,255.91,143.81,27.37,4.51
2020-07-30,149.67,251.8,190.61,32.1,4.87
2020-07-31,146.72,238.48,178.58,33.97,4.46
2020-08-01,142.19,286.84,181.38,32.89,4.66
2020-08-02,130.22,259.73,190.5,37.93,5.26
2020-08-03,137.45,283.01,158.1,36.27,4.72
2020-08-04,123.08,295.47,173.94,38.77,4.34
2020-08-05,123.95,287.34,165.12,34.05,4.45
2020-08-06,121.16,253.98,181.39,36.56,4.09
2020-08-07,125.84,260.64,133.64,39.64,4.93
2020-08-08,150.25,252.79,154.24,39.31,4.4
2020-08-09,113.24,231.12,151.03,30.69,4.06
2020-08-10,128.53,249.56,167.63,30.93,3.75
2020-08-11,108.57,222.7,172.72,30.57,4.32
2020-08-12,114.15,263.53,153.09,33.27,4.4
2020-08-13,131.81,240.28,146.59,34.66,3.93
2020-08-14,125.95,246.49,154.64,29.64,4.15
2020-08-15,111.82,249.31,142.78,31.2,3.48
2020-08-16,111.0,238.0,169.14,24.26,3.85
2020-08-17,125.03,251.62,155.36,34.2,4.05
2020-08-18,114.06,232.67,106.32,30.24,4.53
2020-08-19,120.36,254.54,135.44,30.95,3.8
2020-08-20,120.09,213.83,132.09,29.78,3.39
2020-08-21,112.35,231.84,120.25,34.44,3.39
2020-08-22,139.04,274.63,123.14,21.8,3.22
2020-08-23,130.86,225.08,147.13,27.79,4.1
2020-08-24,100.16,216.34,175.23,29.19,4.42
2020-08-25,113.86,238.11,165.47,28.31,4.08
2020-08-26,108.75,237.01,146.04,35.59,4.28
2020-08-27,122.82,239.67,158.4,28.55,3.95
2020-08-28,109.48,242.79,145.7,32.17,3.77
2020-08-29,112.3,246.21,137.39,31.72,3.62
2020-08-30,119.38,256.66,126.48,34.68,3.57
2020-08-31,125.03,244.56,112.4,28.75,3.11
2020-09-01,104.77,226.73,131.66,26.67,3.6
2020-09-02,107.53,240.07,146.69,32.38,3.63
2020-09-03,106.64,269.36,146.42,31.68,3.91
2020-09-04,104.27,235.0,140.43,24.51,3.76
2020-09-05,128.73,206.55,129.06,25.82,3.61
2020-09-06,121.56,241.3,152.55,29.39,3.32
2020-09-07,101.71,225.53,125.63,31.98,3.55
2020-09-08,118.44,177.3,153.91,27.4,3.85
2020-09-09,135.91,225.87,131.02,18.15,3.27
2020-09-10,129.53,211.04,128.28,27.36,3.52
2020-09-11,100.65,215.59,114.73,23.97,3.64
2020-09-12,102.69,225.49,127.33,20.12,3.34
2020-09-13,121.53,225.18,156.75,16.07,3.29
2020-09-14,106.31,235.7,157.34,27.58,3.56
2020-09-15,113.7,214.53,165.43,28.59,3.15
2020-09-16,119.26,227.85,159.7,27.62,3.55
2020-09-17,102.95,215.38,129.37,32.95,3.23
2020-09-18,107.05,232.39,133.64,31.89,3.81
2020-09-19,74.78,234.7,126.93,34.97,4.43
2020-09-20,88.28,202.65,161.73,25.33,3.49
2020-09-21,100.36,235.32,127.83,27.17,3.7
2020-09-22,93.46,210.92,154.15,22.17,3.31
2020-09-23,121.58,231.7,161.94,25.5,3.82
2020-09-24,97.81,228.57,180.6,26.42,3.16
2020-09-25,101.03,258.44,146.95,29.75,3.57
2020-09-26,107.96,224.04,156.45,28.7,3.22
2020-09-27,123.78,211.03,186.72,30.4,3.34
2020-09-28,98.3,214.02,145.05,31.19,3.09
2020-09-29,117.94,208.95,116.48,36.5,3.67
2020-09-30,111.74,230.61,101.88,29.45,3.26
2020-10-01,99.48,186.39,142.88,25.14,3.62
2020-10-02,110.99,184.99,109.79,28.01,3.42
2020-10-03,111.72,184.34,126.34,25.21,3.44
2020-10-04,103.59,226.62,145.53,32.37,3.54
2020-10-05,108.24,255.37,146.94,28.35,3.25
2020-10-06,104.93,226.01,151.65,26.18,3.5
2020-10-07,109.24,215.99,149.6,25.87,4.05
2020-10-08,116.38,218.16,167.58,29.96,3.4
2020-10-09,128.32,241.93,134.04,28.14,3.89
2020-10-10,102.36,205.38,128.93,25.93,4.16
2020-10-11,130.08,219.12,125.86,33.36,3.43
2020-10-12,95.62,238.96,153.15,26.8,2.99
2020-10-13,104.32,235.21,162.73,27.98,3.48
2020-10-14,114.84,227.82,157.92,30.53,3.33
2020-10-15,114.92,242.94,169.49,23.34,4.14
2020-10-16,105.62,170.0,131.84,28.61,3.75
2020-10-17,107.35,219.45,170.55,24.86,3.34
2020-10-18,105.06,206.67,179.87,30.35,3.1
2020-10-19,103.55,178.5,169.13,25.79,3.82
2020-10-20,118.41,219.61,184.46,30.27,3.46
2020-10-21,117.9,250.47,129.16,33.11,3.57
2020-10-22,106.94,228.41,132.65,33.16,3.93
2020-10-23,120.6,245.13,130.3,31.09,3.54
2020-10-24,118.71,264.46,155.39,28.84,3.59
2020-10-25,123.7,264.49,132.22,27.02,3.62
2020-10-26,123.52,271.82,157.23,33.7,3.88
2020-10-27,108.42,255.68,175.8,28.17,3.93
2020-10-28,106.98,237.36,169.9,25.39,3.67
2020-10-29,120.55,197.19,161.28,30.59,3.71
2020-10-30,123.47,214.18,136.81,27.1,3.57
2020-10-31,118.02,207.31,132.32,25.59,3.15
2020-11-01,118.14,269.15,168.05,23.49,3.64
2020-11-02,130.67,239.03,170.94,26.29,4.37
2020-11-03,115.12,236.9,157.9,28.62,3.63
2020-11-04,122.74,245.91,147.78,30.54,3.46
2020-11-05,117.5,238.6,117.04,33.67,3.38
2020-11-06,116.11,271.77,124.97,33.21,3.93
2020-11-07,129.87,233.74,180.0,30.65,4.0
2020-11-08,131.48,240.21,141.11,29.95,3.83
2020-11-09,132.21,223.19,155.64,32.31,3.52
2020-11-10,137.97,206.7,174.8,35.78,3.79
2020-11-11,126.6,217.38,141.45,32.9,3.31
2020-11-12,130.52,233.42,157.14,30.05,3.77
2020-11-13,121.67,230.77,175.54,27.46,4.18
2020-11-14,126.09,225.25,165.39,25.2,3.57
2020-11-15,123.05,209.42,212.85,32.02,3.3
2020-11-16,124.95,233.28,148.24,33.86,4.32
2020-11-17,131.17,211.42,177.13,34.51,3.87
2020-11-18,118.63,253.27,164.8,32.35,4.37
2020-11-19,145.87,252.46,178.2,37.18,4.07
2020-11-20,121.95,220.76,177.01,32.12,4.0
2020-11-21,113.04,236.25,156.68,35.75,4.2
2020-11-22,135.74,232.49,168.01,33.48,3.81
2020-11-23,139.16,254.78,135.49,30.92,4.07
2020-11-24,138.9,283.84,169.41,34.47,3.98
2020-11-25,139.35,225.96,174.86,35.01,3.64
2020-11-26,133.23,251.34,183.07,35.11,4.13
2020-11-27,122.59,254.13,193.5,34.3,4.08
2020-11-28,130.11,273.4,185.18,33.76,4.12
2020-11-29,124.96,270.54,179.49,42.21,3.78
2020-11-30,141.27,250.4,160.42,40.66,4.67
2020-12-01,134.88,254.45,158.31,38.71,4.71
2020-12-02,126.36,246.66,191.56,36.11,4.76
2020-12-03,129.61,284.65,206.58,38.59,4.35
2020-12-04,138.82,274.92,182.45,37.76,3.75
2020-12-05,131.85,312.52,180.86,35.91,4.87
2020-12-06,127.58,283.64,164.43,34.34,4.52
2020-12-07,138.02,262.42,196.55,34.78,4.19
2020-12-08,141.71,240.21,198.0,24.23,4.51
2020-12-09,135.46,228.53,221.46,33.04,4.89
2020-12-10,134.51,230.7,179.85,33.37,4.6
2020-12-11,142.15,271.31,176.84,40.89,4.99
2020-12-12,127.36,289.65,187.31,37.77,5.06
2020-12-13,123.9,252.35,198.43,32.75,4.34
2020-12-14,130.66,294.26,187.4,35.37,4.28
2020-12-15,138.55,279.0,173.31,32.8,4.85
2020-12-16,146.98,288.76,200.51,37.49,3.76
2020-12-17,162.31,323.57,206.59,38.4,4.34
2020-12-18,160.99,320.11,180.5,41.15,4.09
2020-12-19,150.48,295.72,213.16,36.0,4.36
2020-12-20,149.38,276.46,220.45,37.48,4.52
2020-12-21,139.3,245.33,205.25,33.17,4.57
2020-12-22,147.18,267.21,200.48,39.25,4.53
2020-12-23,147.29,285.58,208.09,40.58,4.35
2020-12-24,154.32,275.93,186.34,41.04,5.5
2020-12-25,144.93,292.15,196.17,39.6,5.71
2020-12-26,156.84,302.53,161.68,40.75,4.73
2020-12-27,171.63,300.45,205.08,45.41,5.42
2020-12-28,159.42,292.05,176.19,40.34,4.95
2020-12-29,161.69,307.86,221.91,40.44,5.01
2020-12-30,165.99,319.49,204.29,36.33,4.98
2020-12-31,156.4,291.95,201.82,36.0,4.78
2021-01-01,160.11,336.24,193.81,39.29,5.3
2021-01-02,159.58,318.97,198.1,43.94,5.17
2021-01-03,160.9,317.4,230.01,40.72,4.94
2021-01-04,152.74,332.55,171.97,39.97,4.6
2021-01-05,159.25,328.27,221.19,39.29,4.66
2021-01-06,166.75,343.24,220.27,38.78,4.43
2021-01-07,179.59,334.89,193.7,41.68,4.96
2021-01-08,178.86,314.63,188.78,36.42,4.71
2021-01-09,191.76,330.15,236.2,44.7,4.98
2021-01-10,165.54,304.32,205.29,40.52,5.65
2021-01-11,175.46,324.01,193.12,44.26,5.81
2021-01-12,171.78,328.06,230.29,38.56,5.45
2021-01-13,192.32,326.73,228.2,43.77,5.34
2021-01-14,167.57,329.12,205.96,45.49,6.01
2021-01-15,160.38,294.13,220.23,45.14,5.75
2021-01-16,161.31,312.74,203.49,40.34,5.4
2021-01-17,146.15,332.9,236.41,43.4,4.92
2021-01-18,158.94,341.46,246.31,39.44,5.43
2021-01-19,160.89,320.18,240.73,41.65,5.76
2021-01-20,171.58,363.05,236.79,46.93,5.36
2021-01-21,177.34,332.22,260.81,47.84,5.58
2021-01-22,195.73,362.59,237.89,45.51,5.44
2021-01-23,192.07,361.39,211.03,41.48,5.47
2021-01-24,175.48,339.54,232.22,46.08,4.69
2021-01-25,167.66,384.89,267.9,45.4,5.27
2021-01-26,180.45,337.2,225.02,37.13,5.87
2021-01-27,165.79,368.29,224.27,45.64,5.51
2021-01-28,195.01,380.36,238.33,45.5,5.66
2021-01-29,197.45,349.91,234.98,49.88,5.44
2021-01-30,181.38,385.11,218.39,43.28,5.78
2021-01-31,164.02,362.17,250.89,34.14,5.69
2021-02-01,191.51,367.6,282.26,43.61,5.43
2021-02-02,184.85,369.61,255.14,46.62,6.16
2021-02-03,197.54,362.9,228.38,40.71,6.25
2021-02-04,172.1,381.7,209.7,41.55,5.76
2021-02-05,175.41,387.92,236.33,54.99,6.01
2021-02-06,183.22,337.35,259.74,48.42,6.12
2021-02-07,186.48,387.21,256.36,50.2,6.2
2021-02-08,182.71,340.78,247.59,46.01,5.42
2021-02-09,193.3,384.35,235.28,39.82,6.15
2021-02-10,179.19,400.29,223.36,44.8,5.83
2021-02-11,185.12,359.39,254.08,46.07,5.82
2021-02-12,190.1,362.26,265.25,46.09,6.88
2021-02-13,196.17,349.39,226.11,47.2,6.39
2021-02-14,200.49,365.07,269.79,48.96,6.02
2021-02-15,182.93,368.65,265.66,48.14,5.28
2021-02-16,173.78,393.38,279.39,44.1,6.33
2021-02-17,200.97,412.74,236.05,49.11,5.7
2021-02-18,199.6,421.12,223.15,42.18,5.64
2021-02-19,188.23,383.3,241.07,39.85,5.87
2021-02-20,209.36,380.12,258.35,49.0,6.57
2021-02-21,201.0,348.94,286.65,51.03,6.56
2021-02-22,210.04,358.75,276.53,49.75,6.24
2021-02-23,201.44,399.59,257.35,44.77,6.32
2021-02-24,220.14,426.2,238.34,45.77,6.04
2021-02-25,222.9,375.01,272.56,47.71,6.22
2021-02-26,203.02,373.8,244.85,43.71,6.27
2021-02-27,210.21,385.97,282.34,45.59,6.6
2021-02-28,209.26,396.69,260.52,51.1,6.71
2021-03-01,216.89,377.64,287.18,55.54,6.59
2021-03-02,194.98,398.43,279.62,50.48,6.26
2021-03-03,206.04,386.39,263.45,53.15,6.56
2021-03-04,213.56,392.99,252.27,44.67,6.36
2021-03-05,186.52,407.3,252.39,51.2,5.97
2021-03-06,184.72,400.78,266.23,48.1,6.09
2021-03-07,175.46,390.04,264.57,51.13,6.31
2021-03-08,191.52,394.18,252.65,50.15,6.67
2021-03-09,206.95,396.34,256.88,55.4,6.4
2021-03-10,220.06,391.54,262.71,49.35,5.97
2021-03-11,209.22,392.87,226.12,52.85,6.29
2021-03-12,222.51,432.7,260.69,50.77,6.41
2021-03-13,195.12,423.27,246.16,50.62,6.48
2021-03-14,183.71,402.84,239.01,50.53,6.77
2021-03-15,197.78,417.92,227.75,48.23,6.89
2021-03-16,206.79,401.15,222.74,50.49,6.37
2021-03-17,205.3,428.09,229.12,51.04,6.21
2021-03-18,183.65,419.62,242.54,52.31,6.02
2021-03-19,198.08,407.35,293.35,52.17,6.57
2021-03-20,189.79,415.6,265.38,54.66,7.01
2021-03-21,208.16,375.94,269.46,55.87,6.52
2021-03-22,210.62,373.61,274.73,49.35,6.41
2021-03-23,197.75,371.71,271.74,54.14,6.97
2021-03-24,198.47,399.42,267.32,48.41,6.81
2021-03-25,193.06,441.29,246.54,52.91,6.74
2021-03-26,201.98,464.48,286.71,54.39,6.15
2021-03-27,215.42,438.13,305.08,45.99,6.63
2021-03-28,199.14,427.46,249.6,50.5,6.21
2021-03-29,209.95,376.02,244.54,49.9,6.01
2021-03-30,202.38,387.09,256.09,48.71,6.23
2021-03-31,197.39,385.33,247.61,55.74,6.21
2021-04-01,203.12,388.35,270.82,50.83,6.34
2021-04-02,195.11,398.79,256.19,48.83,5.95
2021-04-03,197.77,395.54,302.44,51.31,6.67
2021-04-04,191.8,362.9,299.24,54.18,6.94
2021-04-05,223.2,410.34,281.14,52.14,5.95
2021-04-06,212.34,386.28,289.91,56.1,6.67
2021-04-07,201.33,406.54,293.87,55.05,6.26
2021-04-08,207.58,451.06,265.77,45.23,6.72
2021-04-09,205.97,401.44,252.85,48.04,6.53
2021-04-10,204.29,352.59,264.53,48.75,6.51
2021-04-11,212.48,384.91,281.64,52.59,6.42
2021-04-12,216.36,423.57,274.01,42.85,6.88
2021-04-13,203.9,452.98,241.55,58.0,6.16
2021-04-14,199.59,394.64,245.22,55.46,6.59
2021-04-15,201.34,413.16,258.92,53.32,6.88
2021-04-16,180.46,398.27,262.83,56.26,6.83
2021-04-17,182.33,401.08,299.67,61.17,7.37
2021-04-18,213.01,459.4,251.75,57.45,6.53
2021-04-19,224.98,389.49,270.27,56.57,6.8
2021-04-20,208.53,405.09,292.82,53.39,6.5
2021-04-21,212.09,413.92,313.05,51.44,6.87
2021-04-22,210.2,429.18,272.05,49.64,6.54
2021-04-23,238.5,412.64,275.17,47.82,6.3
2021-04-24,226.22,411.69,277.21,47.7,6.82
2021-04-25,209.23,396.3,270.99,45.29,6.34
2021-04-26,195.23,405.12,263.69,48.97,5.86
2021-04-27,183.97,394.46,270.55,44.38,6.03
2021-04-28,199.36,411.05,220.35,49.51,6.47
2021-04-29,193.66,394.73,261.22,50.18,6.86
2021-04-30,184.7,405.0,263.41,50.96,6.52
2021-05-01,189.9,399.03,257.62,48.78,6.83
2021-05-02,186.62,420.96,295.24,60.65,5.98
2021-05-03,214.43,402.26,258.52,58.13,6.04
2021-05-04,214.03,359.92,251.88,48.18,6.1
2021-05-05,204.27,410.36,291.4,50.29,6.17
2021-05-06,216.66,379.37,253.44,47.9,6.25
2021-05-07,205.34,374.74,246.57,45.68,6.47
2021-05-08,191.77,373.93,251.14,43.79,6.13
2021-05-09,212.41,414.41,269.36,49.34,6.22
2021-05-10,207.93,352.17,263.31,47.02,6.18
2021-05-11,189.69,443.55,234.78,52.0,5.84
2021-05-12,192.76,426.55,239.06,53.5,6.02
2021-05-13,186.12,403.24,238.56,55.18,6.04
2021-05-14,178.44,389.68,247.2,47.8,6.03
2021-05-15,200.0,392.01,258.1,50.13,6.09
2021-05-16,216.41,396.9,260.73,51.28,6.11
2021-05-17,186.21,400.19,222.61,47.65,5.92
2021-05-18,197.35,398.51,260.34,45.42,6.45
2021-05-19,187.55,387.42,256.94,52.98,5.74
2021-05-20,185.91,377.25,275.18,50.3,5.67
2021-05-21,183.9,374.34,263.65,50.82,6.86
2021-05-22,180.02,371.7,271.13,45.76,5.87
2021-05-23,188.01,397.96,261.7,42.74,5.45
2021-05-24,180.73,393.62,273.69,44.0,6.04
2021-05-25,189.67,317.23,262.29,45.82,5.22
2021-05-26,188.53,368.94,247.42,42.96,5.6
2021-05-27,185.76,373.87,283.85,45.67,6.53
2021-05-28,177.44,369.95,269.96,40.49,5.51
2021-05-29,177.95,360.08,259.66,40.81,5.03
2021-05-30,191.62,387.95,223.58,47.05,5.04
2021-05-31,192.57,391.65,211.92,48.56,5.87
2021-06-01,176.85,355.67,235.45,45.41,6.18
2021-06-02,182.95,368.69,239.3,42.14,5.69
2021-06-03,191.14,342.67,226.51,41.01,5.94
2021-06-04,167.68,325.3,235.24,42.82,6.25
2021-06-05,183.37,334.91,262.53,46.8,6.46
2021-06-06,174.91,368.06,254.42,48.86,5.8
2021-06-07,184.8,378.89,219.18,44.36,4.86
2021-06-08,173.25,371.88,225.95,40.58,5.09
2021-06-09,158.33,373.2,215.17,44.28,5.27
2021-06-10,155.19,368.17,218.55,41.44,5.37
2021-06-11,171.31,341.3,218.42,41.52,5.41
2021-06-12,177.84,354.73,216.57,47.86,5.86
2021-06-13,167.04,365.44,201.7,47.88,6.03
2021-06-14,179.47,366.62,216.27,45.41,5.56
2021-06-15,158.5,375.03,212.36,39.53,5.85
2021-06-16,168.42,366.38,169.02,42.81,5.66
2021-06-17,158.83,355.21,242.5,46.64,5.48
2021-06-18,161.27,365.86,246.95,42.61,5.7
2021-06-19,168.79,344.94,221.93,47.31,5.46
2021-06-20,160.96,319.6,220.61,48.37,6.06
2021-06-21,163.05,325.99,198.66,49.84,5.0
2021-06-22,177.73,314.59,241.52,45.39,4.99
2021-06-23,164.95,311.52,257.18,44.9,5.11
2021-06-24,175.38,320.63,230.68,47.5,5.32
2021-06-25,157.31,308.65,237.17,44.75,5.66
2021-06-26,168.75,314.11,223.53,40.47,5.29
2021-06-27,181.19,281.33,192.25,39.22,4.67
2021-06-28,143.27,314.62,198.31,41.11,5.26
2021-06-29,148.91,319.03,208.9,36.18,5.39
2021-06-30,164.46,302.05,201.08,38.57,4.46
2021-07-01,160.37,326.83,202.12,43.48,4.85
2021-07-02,164.6,338.99,203.92,33.3,4.39
2021-07-03,155.06,288.06,203.9,43.14,4.56
2021-07-04,158.88,289.41,205.48,44.51,4.51
2021-07-05,156.92,288.55,185.74,39.24,5.07
2021-07-06,169.65,283.58,185.1,41.02,4.98
2021-07-07,163.32,318.13,174.23,39.52,4.45
2021-07-08,161.72,305.89,209.83,43.22,5.02
2021-07-09,152.81,299.61,165.81,43.33,4.37
2021-07-10,148.78,260.09,208.9,34.87,4.77
2021-07-11,147.58,302.54,225.17,39.15,4.48
2021-07-12,155.35,274.8,199.78,37.52,4.53
2021-07-13,148.55,292.66,151.16,37.89,4.83
2021-07-14,153.42,301.48,175.08,35.03,4.91
2021-07-15,173.08,325.78,186.74,42.69,5.2
2021-07-16,165.77,275.91,172.95,42.37,4.77
2021-07-17,150.46,223.94,176.77,35.91,4.76
2021-07-18,161.35,274.53,212.99,31.75,4.48
2021-07-19,147.18,322.58,208.01,33.68,4.6
2021-07-20,125.27,324.13,177.99,37.0,4.7
2021-07-21,128.97,301.91,156.5,37.17,4.53
2021-07-22,120.48,279.46,171.59,40.63,3.87
2021-07-23,133.36,298.94,177.41,39.92,4.4
2021-07-24,140.57,266.35,190.89,40.2,4.55
2021-07-25,159.62,285.98,176.2,37.9,4.21
2021-07-26,150.64,291.44,189.43,31.07,3.88
2021-07-27,141.7,303.71,217.64,33.07,4.74
2021-07-28,149.51,342.06,205.84,37.93,4.63
2021-07-29,119.41,302.85,186.52,35.37,4.33
2021-07-30,135.57,271.15,177.71,36.41,3.91
2021-07-31,145.54,270.81,171.37,33.72,3.87
2021-08-01,124.41,233.11,195.73,30.3,4.59
2021-08-02,145.12,243.39,170.76,32.32,4.38
2021-08-03,142.38,251.51,174.4,34.32,4.07
2021-08-04,133.17,250.58,174.98,31.42,4.33
2021-08-05,140.93,263.57,164.85,31.9,3.93
2021-08-06,159.99,246.07,145.97,29.46,4.6
2021-08-07,143.31,280.71,169.37,35.82,4.74
2021-08-08,138.54,266.66,169.07,32.66,4.13
2021-08-09,129.23,261.35,178.22,37.71,3.87
2021-08-10,121.89,252.18,162.29,39.38,3.08
2021-08-11,136.89,258.71,187.64,34.14,3.23
2021-08-12,123.25,273.87,157.97,29.21,3.31
2021-08-13,128.47,242.04,193.82,23.85,3.84
2021-08-14,123.84,236.05,143.48,24.28,3.82
2021-08-15,132.09,240.88,166.03,24.65,3.45
2021-08-16,132.63,219.63,172.98,34.29,3.7
2021-08-17,139.78,223.53,152.3,32.67,4.03
2021-08-18,125.28,231.12,166.93,33.03,4.13
2021-08-19,123.07,261.0,185.78,23.91,3.3
2021-08-20,114.58,256.37,129.76,24.66,3.65
2021-08-21,117.28,252.8,160.06,32.09,3.31
2021-08-22,126.35,264.81,116.25,32.12,3.99
2021-08-23,132.7,246.96,129.38,30.52,4.15
2021-08-24,116.63,252.0,178.27,32.45,3.59
2021-08-25,130.28,242.47,153.8,36.68,3.46
2021-08-26,139.15,246.69,135.67,31.37,3.52
2021-08-27,131.59,229.51,146.89,30.71,2.9
2021-08-28,144.37,184.75,189.49,30.87,3.61
2021-08-29,120.07,219.12,133.63,38.53,3.6
2021-08-30,107.53,261.53,130.14,25.04,4.02
2021-08-31,97.88,263.25,173.32,30.65,3.42
2021-09-01,129.08,264.03,192.21,29.47,3.39
2021-09-02,129.33,269.41,163.2,31.43,3.07
2021-09-03,121.69,246.41,134.27,27.67,3.14
2021-09-04,122.66,241.28,183.63,28.6,3.09
2021-09-05,107.95,222.14,189.33,31.48,3.83
2021-09-06,140.8,222.27,174.72,40.69,3.45
2021-09-07,126.1,241.42,143.93,35.33,3.61
2021-09-08,121.27,259.08,147.77,27.87,3.48
2021-09-09,126.08,235.76,146.7,27.06,3.12
2021-09-10,124.75,221.84,154.71,26.66,3.39
2021-09-11,121.47,226.75,176.47,21.79,3.74
2021-09-12,109.65,240.47,172.75,25.42,3.2
2021-09-13,119.18,201.3,137.17,30.18,3.74
2021-09-14,136.69,171.33,169.22,24.54,3.32
2021-09-15,136.16,198.7,160.03,30.94,3.31
2021-09-16,138.45,192.55,163.62,30.86,3.66
2021-09-17,116.91,205.4,178.17,26.52,3.35
2021-09-18,105.31,216.58,137.25,27.26,3.49
2021-09-19,110.78,213.29,143.65,33.54,3.41
2021-09-20,114.23,252.12,136.76,32.37,3.54
2021-09-21,126.07,239.94,116.43,29.46,2.69
2021-09-22,100.28,235.57,143.72,27.7,2.63
2021-09-23,126.3,240.86,189.69,28.25,3.46
2021-09-24,116.33,205.34,127.24,26.34,3.86
2021-09-25,110.46,240.31,140.07,20.18,3.29
2021-09-26,102.51,227.3,155.63,32.83,3.36
2021-09-27,93.34,239.0,151.2,30.01,3.56
2021-09-28,116.59,205.87,145.7,30.01,3.76
2021-09-29,115.68,185.78,123.27,28.4,2.87
2021-09-30,101.08,229.55,143.34,25.55,3.0
2021-10-01,96.66,233.42,132.05,26.61,3.23
2021-10-02,105.42,207.76,103.6,21.99,3.67
2021-10-03,129.13,200.8,154.32,34.17,4.43
2021-10-04,116.03,240.67,165.45,25.54,3.7
2021-10-05,99.09,204.12,152.97,23.67,3.07
2021-10-06,107.27,252.73,152.4,25.2,3.52
2021-10-07,109.51,214.04,167.1,31.72,3.97
2021-10-08,84.81,234.9,156.73,29.23,3.69
2021-10-09,105.23,221.02,165.63,24.13,3.25
2021-10-10,109.6,236.61,147.39,31.33,3.77
2021-10-11,120.76,217.4,170.21,31.69,3.83
2021-10-12,136.33,219.87,159.86,31.15,3.26
2021-10-13,133.54,225.14,154.7,31.64,3.58
2021-10-14,118.19,205.08,127.7,37.69,3.9
2021-10-15,104.94,235.96,147.03,38.81,4.07
2021-10-16,139.76,219.19,133.44,29.13,3.68
2021-10-17,123.98,220.46,132.97,34.35,3.47
2021-10-18,118.95,205.11,129.94,31.61,3.97
2021-10-19,117.23,167.94,124.88,31.24,3.27
2021-10-20,119.24,206.97,179.45,23.51,3.64
2021-10-21,116.46,273.75,182.2,26.56,3.13
2021-10-22,111.33,260.02,193.6,25.28,3.83
2021-10-23,110.3,239.46,142.3,30.69,3.58
2021-10-24,115.63,228.63,149.85,33.22,4.05
2021-10-25,112.11,231.85,128.54,23.03,3.93
2021-10-26,109.53,244.33,132.93,27.21,3.3
2021-10-27,117.62,212.3,130.68,32.53,4.04
2021-10-28,116.53,251.42,168.11,29.61,4.32
2021-10-29,134.95,255.33,151.07,32.01,4.18
2021-10-30,97.14,257.12,171.95,31.47,3.57
2021-10-31,125.4,252.37,170.47,31.35,3.55
2021-11-01,135.81,242.75,200.16,29.24,3.71
2021-11-02,104.39,254.2,143.26,25.38,3.48
2021-11-03,113.47,256.57,174.53,24.63,4.25
2021-11-04,116.22,238.07,182.36,30.89,3.95
2021-11-05,106.52,228.58,148.04,30.43,2.88
2021-11-06,110.57,240.6,172.85,29.83,3.63
2021-11-07,108.65,275.3,169.0,28.73,3.63
2021-11-08,138.51,227.88,158.45,28.91,3.73
2021-11-09,139.27,209.59,145.32,33.78,3.67
2021-11-10,143.41,239.13,143.71,30.5,4.08
2021-11-11,139.27,246.37,192.17,26.09,4.32
2021-11-12,119.0,251.89,171.36,32.15,4.11
2021-11-13,119.67,255.83,179.3,30.75,3.84
2021-11-14,130.94,248.01,154.68,31.26,3.88
2021-11-15,116.77,282.46,148.03,37.03,3.92
2021-11-16,133.27,228.73,179.16,33.16,3.66
2021-11-17,128.65,229.69,146.5,33.19,4.08
2021-11-18,126.3,246.07,153.61,28.17,4.18
2021-11-19,137.44,219.53,164.18,30.12,4.6
2021-11-20,138.45,243.27,169.28,33.72,4.64
2021-11-21,130.76,289.89,166.32,27.34,3.98
2021-11-22,144.89,270.34,176.09,31.68,4.33
2021-11-23,126.09,269.82,184.82,32.75,3.83
2021-11-24,138.75,239.3,188.78,32.97,4.27
2021-11-25,142.8,244.62,160.48,36.64,3.99
2021-11-26,135.04,252.25,164.9,35.4,3.74
2021-11-27,139.89,256.73,192.74,39.15,4.14
2021-11-28,125.29,292.65,196.49,31.75,3.24
2021-11-29,144.26,289.23,158.58,33.6,3.31
2021-11-30,138.83,254.16,178.04,34.1,3.9
2021-12-01,134.18,273.18,143.77,30.34,4.18
2021-12-02,149.82,285.21,169.6,36.43,4.12
2021-12-03,136.64,303.34,210.42,43.17,3.7
2021-12-04,125.84,319.08,173.55,37.13,3.85
2021-12-05,121.59,270.36,165.16,37.27,4.34
2021-12-06,143.57,261.1,191.31,35.97,4.57
2021-12-07,130.91,250.03,159.49,32.92,4.44
2021-12-08,159.54,269.29,166.57,28.26,4.83
2021-12-09,128.41,290.87,190.92,30.9,4.7
2021-12-10,159.31,309.39,177.4,29.43,4.28
2021-12-11,153.56,293.72,181.03,39.96,4.33
2021-12-12,149.17,285.02,200.0,36.89,3.97
2021-12-13,143.73,293.44,200.77,35.29,4.33
2021-12-14,152.59,276.37,199.03,39.28,4.89
2021-12-15,151.25,333.81,188.64,33.57,4.92
2021-12-16,163.41,274.54,198.67,33.24,5.2
2021-12-17,157.27,295.55,193.79,36.21,4.7
2021-12-18,156.39,341.62,203.24,40.6,5.15
2021-12-19,151.33,314.24,190.12,40.21,4.76
2021-12-20,153.63,303.06,192.44,39.35,5.25
2021-12-21,158.75,297.36,179.76,38.64,4.89
2021-12-22,139.7,300.53,193.43,39.7,5.05
2021-12-23,138.39,335.28,184.71,39.46,5.39
2021-12-24,160.56,271.6,177.55,35.22,4.92
2021-12-25,161.81,332.32,200.19,37.86,4.94
2021-12-26,159.06,289.62,206.94,34.88,5.34
2021-12-27,160.97,302.29,219.71,38.17,4.98
2021-12-28,165.61,303.86,203.06,37.33,4.48
2021-12-29,158.29,326.89,213.52,47.8,5.56
2021-12-30,154.21,289.07,219.93,42.06,4.98
2021-12-31,163.82,322.18,220.76,35.7,5.05
2022-01-01,154.98,366.1,199.55,38.39,5.44
2022-01-02,167.5,309.33,211.02,41.62,4.95
2022-01-03,149.71,326.09,218.98,46.78,4.69
2022-01-04,173.66,314.42,215.89,40.55,5.07
2022-01-05,175.61,334.95,179.1,35.35,4.48
2022-01-06,174.53,333.75,208.14,42.33,4.85
2022-01-07,182.45,320.7,253.53,36.88,5.17
2022-01-08,192.6,341.68,222.89,38.69,5.1
2022-01-09,189.41,376.8,208.02,40.0,4.65
2022-01-10,159.08,346.61,223.6,41.2,5.63
2022-01-11,156.48,357.85,227.96,44.35,5.42
2022-01-12,163.17,320.11,245.43,40.64,5.84
2022-01-13,172.61,317.03,208.54,41.1,5.4
2022-01-14,181.21,347.27,233.03,42.28,5.06
2022-01-15,171.32,378.74,238.66,43.35,5.38
2022-01-16,178.53,365.63,228.27,43.63,5.32
2022-01-17,171.39,348.8,234.31,45.04,4.99
2022-01-18,171.34,351.45,248.94,47.03,5.83
2022-01-19,163.56,327.13,251.32,46.18,5.37
2022-01-20,166.89,359.92,217.49,46.28,4.82
2022-01-21,163.96,376.71,242.42,39.32,5.78
2022-01-22,167.6,354.84,235.13,43.08,5.45
2022-01-23,190.58,349.0,236.07,45.84,5.33
2022-01-24,177.0,363.81,237.07,47.68,4.9
2022-01-25,211.1,354.58,234.16,43.38,6.02
2022-01-26,199.43,360.68,257.47,42.34,5.31
2022-01-27,193.24,409.07,242.84,42.46,5.58
2022-01-28,180.98,375.36,221.01,46.51,5.98
2022-01-29,194.21,363.97,227.85,49.59,5.94
2022-01-30,185.32,355.53,240.59,45.6,5.78
2022-01-31,190.52,383.26,263.46,49.13,5.17
2022-02-01,218.21,373.17,260.03,47.57,5.32
2022-02-02,199.15,361.33,234.22,46.35,5.73
2022-02-03,207.02,400.16,285.5,45.81,5.52
2022-02-04,190.45,414.87,262.67,49.12,5.82
2022-02-05,193.0,377.85,274.14,48.75,6.1
2022-02-06,213.23,341.13,253.23,55.59,6.29
2022-02-07,194.62,391.42,259.57,46.8,5.6
2022-02-08,215.13,371.93,267.44,49.08,6.6
2022-02-09,210.17,397.99,277.03,46.21,6.42
2022-02-10,195.83,348.76,277.69,44.27,6.11
2022-02-11,204.54,395.02,275.23,46.8,6.41
2022-02-12,211.19,365.61,254.29,48.19,6.96
2022-02-13,209.95,398.46,244.09,58.44,5.81
2022-02-14,187.02,394.13,257.42,50.76,5.9
2022-02-15,189.43,373.36,272.47,45.25,5.18
2022-02-16,195.63,379.45,257.31,48.61,5.88
2022-02-17,199.73,405.07,275.83,41.5,6.16
2022-02-18,208.68,401.38,288.69,46.4,6.12
2022-02-19,207.13,411.12,251.6,48.35,5.9
2022-02-20,191.18,444.05,242.37,51.75,5.36
2022-02-21,204.81,380.35,252.28,53.49,6.06
2022-02-22,211.7,428.8,263.58,48.93,6.66
2022-02-23,213.62,412.3,252.88,48.88,6.13
2022-02-24,220.04,387.0,282.97,46.8,6.35
2022-02-25,219.74,371.05,276.21,44.99,5.72
2022-02-26,216.07,390.92,267.89,49.56,6.25
2022-02-27,209.76,420.88,240.01,45.47,6.12
2022-02-28,191.5,408.49,234.16,47.33,5.96
2022-03-01,208.3,439.82,260.76,45.93,5.92
2022-03-02,211.33,387.63,226.9,50.99,6.05
2022-03-03,213.23,402.79,272.17,56.96,6.37
2022-03-04,197.84,381.88,265.63,47.96,5.88
2022-03-05,195.58,410.11,323.56,43.39,6.06
2022-03-06,217.59,430.12,324.92,48.14,6.25
2022-03-07,213.0,409.19,282.11,50.12,5.94
2022-03-08,219.46,357.57,270.9,51.48,6.87
2022-03-09,214.79,401.44,287.14,49.62,6.23
2022-03-10,213.66,420.08,304.7,49.97,6.11
2022-03-11,223.1,425.44,251.79,52.12,5.97
2022-03-12,210.89,444.95,233.59,55.17,6.91
2022-03-13,213.87,402.78,248.78,45.65,6.76
2022-03-14,209.11,427.3,274.67,48.39,6.2
2022-03-15,208.17,445.8,281.18,51.3,6.75
2022-03-16,209.4,389.32,293.39,48.25,6.6
2022-03-17,215.52,416.78,257.55,56.65,6.59
2022-03-18,210.17,408.04,227.47,50.92,6.37
2022-03-19,226.94,414.59,274.18,51.31,6.17
2022-03-20,209.54,425.86,258.86,53.55,6.5
2022-03-21,211.89,411.97,233.6,50.24,6.29
2022-03-22,210.07,404.09,264.04,44.88,7.06
2022-03-23,229.46,416.86,284.65,48.26,6.21
2022-03-24,222.25,397.34,274.95,54.4,6.94
2022-03-25,228.96,391.7,266.27,51.47,6.58
2022-03-26,204.63,427.24,269.0,48.83,6.62
2022-03-27,215.81,399.66,266.2,54.25,6.82
2022-03-28,225.77,429.62,248.34,51.5,6.37
2022-03-29,220.33,434.44,254.12,50.05,6.76
2022-03-30,229.08,390.01,277.54,51.93,5.63
2022-03-31,215.12,398.76,281.1,54.68,5.99
2022-04-01,231.18,440.73,279.51,61.14,6.02
2022-04-02,245.36,407.66,258.68,57.64,5.92
2022-04-03,221.67,408.6,266.67,57.75,6.25
2022-04-04,213.69,428.32,234.12,51.94,6.56
2022-04-05,231.22,440.94,265.55,48.38,6.76
2022-04-06,237.78,422.94,296.82,51.1,6.66
2022-04-07,217.64,410.2,255.34,52.06,6.31
2022-04-08,212.62,448.69,258.37,48.19,6.56
2022-04-09,212.52,466.77,275.21,50.17,6.55
2022-04-10,201.26,456.09,296.33,52.75,6.83
2022-04-11,202.28,433.97,272.79,53.37,6.86
2022-04-12,201.6,408.38,261.34,54.03,6.6
2022-04-13,203.78,400.05,235.42,53.46,6.19
2022-04-14,212.02,425.74,263.77,50.46,6.15
2022-04-15,217.2,431.02,306.04,49.51,6.17
2022-04-16,232.45,452.99,287.66,46.79,6.26
2022-04-17,210.12,443.53,276.72,56.38,6.48
2022-04-18,224.09,395.18,279.27,53.01,6.7
2022-04-19,215.54,434.01,273.99,51.13,6.49
2022-04-20,214.54,402.27,258.15,48.05,6.45
2022-04-21,221.66,405.29,281.79,60.61,6.47
2022-04-22,204.74,419.14,278.18,50.3,6.25
2022-04-23,215.26,459.55,273.19,49.41,6.03
2022-04-24,215.95,494.66,254.05,52.04,5.66
2022-04-25,219.36,452.2,287.9,53.42,5.92
2022-04-26,218.02,422.42,286.58,55.03,6.4
2022-04-27,240.13,428.09,264.56,58.42,6.12
2022-04-28,214.04,436.72,284.84,54.82,6.19
2022-04-29,207.07,413.43,264.35,48.21,6.45
2022-04-30,203.75,450.35,252.88,48.96,6.54
2022-05-01,203.19,428.02,249.48,51.09,6.0
2022-05-02,201.88,426.38,230.39,57.82,6.56
2022-05-03,220.37,428.84,263.53,47.63,6.76
2022-05-04,228.05,423.85,232.78,53.6,6.02
2022-05-05,209.14,430.51,233.7,51.73,5.9
2022-05-06,200.4,401.3,218.74,53.39,6.55
2022-05-07,211.14,393.13,248.64,50.52,6.27
2022-05-08,203.27,378.63,256.05,46.98,5.45
2022-05-09,213.01,405.94,254.74,51.41,5.48
2022-05-10,211.07,420.56,241.37,52.31,5.88
2022-05-11,192.08,417.49,234.62,53.61,5.67
2022-05-12,218.17,441.4,260.75,50.45,5.86
2022-05-13,228.23,412.54,250.35,47.36,6.06
2022-05-14,205.58,417.29,261.9,42.98,6.61
2022-05-15,200.75,380.97,243.83,49.89,6.15
2022-05-16,205.97,384.08,256.55,50.48,6.47
2022-05-17,207.64,406.95,279.48,45.69,6.68
2022-05-18,211.13,416.21,273.27,45.65,6.73
2022-05-19,225.94,394.16,253.39,45.78,6.33
2022-05-20,206.99,391.36,258.59,42.15,5.41
2022-05-21,194.34,359.29,250.88,43.29,5.97
2022-05-22,184.0,373.18,252.34,42.41,6.33
2022-05-23,187.26,402.65,246.36,44.56,6.03
2022-05-24,195.1,403.98,246.8,43.95,6.57
2022-05-25,216.18,401.89,252.93,40.54,6.4
2022-05-26,197.76,390.88,233.06,52.18,6.24
2022-05-27,199.54,385.74,226.1,52.86,6.35
2022-05-28,197.06,369.23,216.86,45.83,6.11
2022-05-29,208.48,391.86,209.76,47.28,5.03
2022-05-30,225.47,391.84,213.7,48.1,5.39
2022-05-31,197.96,392.35,238.33,50.93,6.08
2022-06-01,189.63,370.13,226.66,44.63,5.57
2022-06-02,202.72,328.28,247.11,49.29,5.6
2022-06-03,202.33,382.98,244.2,44.83,5.31
2022-06-04,213.92,365.27,207.61,40.6,6.2
2022-06-05,203.61,350.86,241.86,46.42,6.41
2022-06-06,190.08,378.17,254.19,50.01,5.56
2022-06-07,195.46,362.52,225.62,55.5,5.65
2022-06-08,201.98,387.26,241.1,43.76,5.37
2022-06-09,200.36,384.31,222.71,46.75,5.72
2022-06-10,196.03,383.74,233.18,43.63,5.78
2022-06-11,200.06,339.45,211.78,46.73,5.88
2022-06-12,201.79,379.21,195.4,39.64,5.73
2022-06-13,203.98,370.08,214.45,38.1,6.57
2022-06-14,196.37,352.99,223.98,39.21,5.42
2022-06-15,184.95,357.52,221.32,42.39,4.82
2022-06-16,184.25,317.45,206.03,40.69,5.09
2022-06-17,194.6,350.19,214.43,44.59,4.74
2022-06-18,175.88,328.69,227.93,46.91,4.64
2022-06-19,182.14,314.31,225.74,45.96,4.77
2022-06-20,175.43,305.3,228.33,49.11,4.81
2022-06-21,177.27,356.79,213.44,45.7,4.8
2022-06-22,190.36,334.51,240.46,38.82,5.29
2022-06-23,182.28,372.11,206.72,45.64,5.06
2022-06-24,177.75,338.77,224.97,40.66,5.09
2022-06-25,161.03,303.01,241.84,44.32,5.46
2022-06-26,177.54,303.54,233.88,47.6,4.97
2022-06-27,180.84,351.93,218.78,44.53,4.98
2022-06-28,197.17,336.07,207.79,36.63,5.18
2022-06-29,175.53,321.9,231.11,36.14,4.42
2022-06-30,173.98,331.37,194.32,43.69,4.02
2022-07-01,173.24,340.22,190.45,40.59,4.84
2022-07-02,186.36,354.64,198.55,40.38,5.11
2022-07-03,172.14,364.75,228.84,42.55,5.73
2022-07-04,171.21,328.65,222.15,42.84,5.23
2022-07-05,173.79,296.36,195.8,41.32,5.29
2022-07-06,169.54,304.67,198.65,39.02,4.94
2022-07-07,161.03,320.16,193.43,37.82,4.99
2022-07-08,164.6,297.94,189.43,41.41,5.46
2022-07-09,174.32,290.25,217.03,41.28,4.26
2022-07-10,154.59,314.11,183.43,38.26,4.77
2022-07-11,160.26,311.88,224.75,41.9,5.51
2022-07-12,152.62,311.77,222.74,38.61,5.06
2022-07-13,169.65,293.97,225.99,34.95,5.39
2022-07-14,145.63,298.58,199.03,34.03,4.67
2022-07-15,147.96,284.25,195.68,32.85,4.65
2022-07-16,157.91,316.93,171.48,34.83,4.65
2022-07-17,172.8,328.65,179.38,40.55,3.84
2022-07-18,159.56,270.53,198.84,34.99,3.95
2022-07-19,149.88,271.22,218.0,36.67,3.99
2022-07-20,171.99,258.41,180.96,34.07,4.66
2022-07-21,143.1,271.24,182.11,34.54,4.86
2022-07-22,125.98,285.89,185.49,30.17,4.71
2022-07-23,148.0,260.5,164.01,33.24,4.82
2022-07-24,144.15,262.88,191.64,34.12,4.49
2022-07-25,137.0,260.8,176.21,36.82,4.86
2022-07-26,152.46,284.54,180.13,36.39,4.53
2022-07-27,151.68,287.7,176.13,31.15,4.43
2022-07-28,142.43,270.98,168.34,37.44,4.27
2022-07-29,131.6,283.79,179.01,36.14,4.54
2022-07-30,150.42,271.41,177.89,35.58,4.22
2022-07-31,153.21,272.44,174.15,34.56,4.6
2022-08-01,145.66,312.58,166.13,32.34,3.96
2022-08-02,163.31,316.63,181.41,34.13,3.76
2022-08-03,137.47,261.4,208.69,35.45,4.31
2022-08-04,124.43,288.57,189.74,27.94,4.19
2022-08-05,128.77,295.36,198.41,29.8,4.01
2022-08-06,136.37,255.28,158.62,31.23,4.41
2022-08-07,141.19,283.61,173.16,33.33,3.99
2022-08-08,137.07,306.28,154.94,37.12,4.0
2022-08-09,141.59,256.28,142.23,31.27,4.54
2022-08-10,125.64,244.67,150.73,30.36,4.74
2022-08-11,148.69,280.92,186.49,29.92,4.8
2022-08-12,139.13,275.24,192.41,28.67,4.15
2022-08-13,148.41,278.54,181.24,29.77,4.48
2022-08-14,142.62,274.24,146.25,33.91,3.8
2022-08-15,141.65,273.15,158.59,28.66,3.59
2022-08-16,142.11,235.93,170.46,32.17,3.01
2022-08-17,140.55,273.8,171.28,25.67,4.24
2022-08-18,141.72,286.92,135.67,27.61,3.7
2022-08-19,148.87,260.68,141.15,28.9,3.79
2022-08-20,138.73,255.94,156.75,36.21,3.53
2022-08-21,140.68,222.52,171.45,31.48,4.0
2022-08-22,132.49,254.7,127.55,23.23,3.75
2022-08-23,145.73,264.84,149.5,21.37,3.34
2022-08-24,127.11,253.85,160.97,27.84,3.82
2022-08-25,147.18,274.77,176.31,31.73,3.3
2022-08-26,133.53,249.74,177.73,31.97,3.34
2022-08-27,114.49,260.44,175.8,31.24,2.9
2022-08-28,124.81,229.74,150.6,34.42,2.99
2022-08-29,119.09,240.81,123.24,29.34,3.57
2022-08-30,133.04,240.36,141.14,32.76,2.99
2022-08-31,121.24,248.02,170.53,24.86,2.97
2022-09-01,119.57,237.25,185.83,24.97,3.48
2022-09-02,103.63,238.45,178.1,21.77,3.43
2022-09-03,113.67,258.38,170.51,26.11,4.29
2022-09-04,95.71,237.32,167.02,28.15,4.49
2022-09-05,98.88,205.93,149.27,29.26,3.59
2022-09-06,124.2,266.5,151.08,29.34,3.82
2022-09-07,131.82,276.48,182.81,25.85,3.94
2022-09-08,130.1,222.87,146.33,27.32,3.5
2022-09-09,114.74,247.98,179.85,23.14,3.05
2022-09-10,119.57,230.06,155.75,31.84,3.43
2022-09-11,121.29,240.38,177.09,28.57,3.48
2022-09-12,109.49,243.75,135.43,26.89,3.4
2022-09-13,133.72,233.31,157.58,33.62,3.67
2022-09-14,134.24,218.3,140.86,25.68,3.33
2022-09-15,122.71,215.45,123.76,23.67,3.08
2022-09-16,121.7,209.56,147.03,23.13,3.45
2022-09-17,123.16,209.29,167.67,26.54,3.65
2022-09-18,99.85,225.01,141.24,29.27,3.16
2022-09-19,111.58,215.87,121.71,31.14,3.74
2022-09-20,110.42,242.27,140.34,38.09,2.97
2022-09-21,106.62,266.9,145.87,23.27,3.15
2022-09-22,112.96,230.7,158.54,28.81,3.32
2022-09-23,136.61,236.9,169.27,26.37,3.23
2022-09-24,131.49,244.09,154.73,25.51,3.23
2022-09-25,117.17,245.55,183.81,25.13,4.08
2022-09-26,124.84,237.58,163.92,23.99,3.38
2022-09-27,135.79,249.12,147.92,32.71,4.32
2022-09-28,134.06,247.06,120.94,32.37,3.9
2022-09-29,124.45,210.29,136.43,29.4,3.65
2022-09-30,114.14,243.49,139.78,33.15,3.71
2022-10-01,125.18,253.84,163.48,24.25,4.45
2022-10-02,125.31,222.32,161.89,22.22,3.44
2022-10-03,130.65,229.74,132.72,18.65,3.09
2022-10-04,129.56,245.59,147.66,22.76,3.11
2022-10-05,133.63,231.69,160.94,27.02,3.4
2022-10-06,118.28,254.56,179.98,28.1,2.87
2022-10-07,133.19,288.67,174.56,28.6,3.32
2022-10-08,125.99,232.9,170.82,23.31,4.05
2022-10-09,143.64,203.85,157.54,29.49,3.73
2022-10-10,120.01,230.72,159.43,29.39,3.48
2022-10-11,138.5,247.76,175.2,31.11,3.29
2022-10-12,128.02,233.11,134.89,22.47,3.77
2022-10-13,116.09,264.34,140.17,27.62,3.32
2022-10-14,114.42,215.35,134.52,23.95,4.12
2022-10-15,115.79,243.61,153.17,25.64,4.39
2022-10-16,124.18,225.14,173.86,29.45,3.89
2022-10-17,127.91,268.76,148.3,29.08,3.65
2022-10-18,117.7,287.94,109.48,25.71,3.95
2022-10-19,120.6,236.12,132.69,27.75,4.07
2022-10-20,144.43,225.53,163.1,23.02,3.45
2022-10-21,147.44,252.36,165.92,31.04,3.36
2022-10-22,135.01,234.67,165.12,28.75,3.07
2022-10-23,127.34,236.99,152.78,32.75,3.59
2022-10-24,126.14,239.64,131.9,28.25,3.84
2022-10-25,131.22,200.09,157.35,26.96,3.22
2022-10-26,115.83,228.75,141.69,25.8,3.35
2022-10-27,119.52,223.69,190.16,31.25,3.09
2022-10-28,106.1,226.85,176.81,27.4,3.18
2022-10-29,124.08,269.03,153.02,31.05,3.72
2022-10-30,132.38,225.57,145.72,28.62,3.44
2022-10-31,123.32,256.6,152.99,22.38,3.52
2022-11-01,142.52,243.6,153.01,25.51,3.08
2022-11-02,119.22,240.32,177.16,24.39,3.6
2022-11-03,110.06,262.47,168.54,28.37,3.68
2022-11-04,125.4,260.33,150.32,25.36,3.48
2022-11-05,139.0,265.22,191.18,31.95,3.61
2022-11-06,150.13,275.75,171.68,30.45,3.8
2022-11-07,131.35,252.34,178.88,29.78,3.51
2022-11-08,142.25,240.16,157.42,32.59,3.21
2022-11-09,134.18,227.34,168.47,34.6,4.27
2022-11-10,130.76,229.72,171.37,31.85,3.75
2022-11-11,141.23,310.49,134.23,28.48,3.8
2022-11-12,142.36,299.74,191.95,24.06,4.21
2022-11-13,119.73,242.82,197.11,26.64,5.23
2022-11-14,145.43,227.19,169.66,27.75,3.87
2022-11-15,152.57,261.24,149.63,30.72,4.07
2022-11-16,134.1,273.7,169.55,30.13,3.74
2022-11-17,139.75,278.35,171.53,33.68,3.71
2022-11-18,142.94,263.77,177.4,30.29,3.65
2022-11-19,141.92,263.02,176.88,31.33,3.51
2022-11-20,133.58,273.24,182.82,36.09,3.86
2022-11-21,130.29,272.17,201.67,34.69,3.47
2022-11-22,136.58,224.39,192.55,32.97,4.22
2022-11-23,151.55,252.8,162.13,30.67,4.15
2022-11-24,149.94,249.25,195.84,29.99,4.27
2022-11-25,140.37,270.73,211.45,29.14,4.01
2022-11-26,150.02,337.19,243.23,30.09,3.98
2022-11-27,115.43,303.17,178.59,35.03,4.21
2022-11-28,147.55,279.69,183.77,33.21,3.79
2022-11-29,127.4,299.62,145.3,28.84,3.96
2022-11-30,136.36,297.43,180.55,38.57,3.85
2022-12-01,131.65,296.52,172.53,36.54,3.83
2022-12-02,128.95,301.23,214.07,30.02,3.41
2022-12-03,154.49,334.17,180.0,31.56,4.5
2022-12-04,145.61,278.21,154.48,34.09,4.14
2022-12-05,152.07,296.21,168.84,40.56,4.69
2022-12-06,150.45,273.32,147.53,32.78,4.84
2022-12-07,156.05,298.69,189.58,37.88,4.08
2022-12-08,154.11,276.47,153.63,41.02,3.94
2022-12-09,139.84,281.47,180.21,35.0,5.19
2022-12-10,160.08,286.67,152.05,34.56,5.3
2022-12-11,151.1,316.08,175.1,31.91,4.72
2022-12-12,137.85,324.85,217.12,34.16,4.67
2022-12-13,146.33,283.2,208.02,35.56,4.36
2022-12-14,169.73,299.18,184.62,38.55,4.66
2022-12-15,170.53,289.1,192.92,41.1,4.36
2022-12-16,158.8,275.73,197.03,35.57,3.83
2022-12-17,155.89,294.78,206.98,29.78,3.94
2022-12-18,155.93,299.76,178.54,35.0,4.45
2022-12-19,181.74,359.9,205.06,37.8,4.23
2022-12-20,172.32,337.27,156.09,38.63,4.55
2022-12-21,170.62,293.67,178.48,37.01,4.31
2022-12-22,177.04,298.86,188.45,38.24,4.36
2022-12-23,171.29,334.95,211.85,43.62,4.96
2022-12-24,164.96,369.4,208.96,41.41,4.95
2022-12-25,164.36,303.79,183.88,38.25,4.87
2022-12-26,166.12,279.15,184.5,37.0,5.18
2022-12-27,167.65,351.75,206.18,37.93,5.15
2022-12-28,176.77,343.65,208.61,44.67,5.5
2022-12-29,173.05,316.03,201.38,40.47,4.95
2022-12-30,179.72,338.43,201.71,39.93,4.82
2022-12-31,173.82,279.8,223.2,38.29,4.49
2023-01-01,174.36,318.87,209.19,43.48,4.71
2023-01-02,153.35,338.62,213.29,48.19,5.29
2023-01-03,178.29,358.31,254.82,44.47,5.6
2023-01-04,180.43,324.74,205.18,42.21,5.59
2023-01-05,188.54,338.98,183.58,41.51,4.64
2023-01-06,150.73,323.24,224.0,32.97,5.38
2023-01-07,192.35,344.54,211.32,41.51,4.6
2023-01-08,182.08,327.99,214.61,42.08,5.34
2023-01-09,192.74,334.47,208.27,43.42,5.13
2023-01-10,174.01,325.29,216.27,39.97,5.47
2023-01-11,186.37,358.33,251.96,40.23,4.87
2023-01-12,173.21,373.8,249.51,40.35,5.59
2023-01-13,174.4,356.69,250.59,45.55,4.9
2023-01-14,202.03,358.49,211.81,42.34,4.99
2023-01-15,188.84,329.0,205.58,50.14,4.91
2023-01-16,189.79,345.46,174.94,46.83,4.65
2023-01-17,197.54,356.83,202.02,40.01,5.23
2023-01-18,196.54,417.51,241.8,42.11,6.02
2023-01-19,193.23,358.49,246.79,41.05,6.58
2023-01-20,195.09,396.05,236.11,35.47,5.86
2023-01-21,217.66,398.66,237.13,47.21,6.02
2023-01-22,199.19,385.56,226.51,47.73,5.78
2023-01-23,196.96,413.81,239.7,47.42,5.81
2023-01-24,205.8,394.3,254.2,46.18,5.55
2023-01-25,209.62,389.93,217.59,40.52,5.67
2023-01-26,212.2,380.46,240.84,42.1,5.84
2023-01-27,207.79,405.53,259.6,47.34,5.52
2023-01-28,188.34,411.49,242.35,42.42,5.62
2023-01-29,212.22,378.2,257.4,35.89,5.67
2023-01-30,190.76,354.73,299.6,42.12,6.01
2023-01-31,200.1,372.2,261.86,44.41,5.46
2023-02-01,192.35,365.97,259.93,46.19,5.67
2023-02-02,197.82,380.62,240.22,48.93,6.44
2023-02-03,204.13,413.37,251.06,49.55,6.42
2023-02-04,206.48,388.63,259.85,48.53,6.49
2023-02-05,208.77,390.94,258.49,51.62,6.07
2023-02-06,222.5,394.75,237.47,43.17,6.06
2023-02-07,214.95,413.48,253.26,47.83,6.31
2023-02-08,205.87,355.08,280.59,49.77,6.59
2023-02-09,216.34,372.97,271.68,43.93,5.46
2023-02-10,222.34,396.47,278.59,41.37,5.36
2023-02-11,199.25,425.23,260.29,43.36,6.26
2023-02-12,211.97,399.25,272.66,44.36,5.99
2023-02-13,217.36,363.29,268.71,49.72,5.78
2023-02-14,208.95,405.82,246.58,46.64,5.53
2023-02-15,224.46,393.11,262.71,44.97,5.71
2023-02-16,213.55,378.53,245.18,45.43,5.48
2023-02-17,213.62,386.88,246.74,51.72,6.65
2023-02-18,210.94,399.46,262.14,49.84,6.27
2023-02-19,212.55,395.24,269.17,48.69,6.16
2023-02-20,201.78,361.16,245.78,48.69,6.36
2023-02-21,195.35,416.88,278.52,53.68,6.56
2023-02-22,225.69,442.31,280.41,48.13,6.63
2023-02-23,209.56,437.61,259.11,53.77,6.71
2023-02-24,203.59,399.37,238.62,51.69,6.14
2023-02-25,189.98,408.29,257.31,49.84,6.1
2023-02-26,202.17,415.77,258.1,58.69,6.47
2023-02-27,199.0,431.41,268.56,48.97,6.14
2023-02-28,229.54,438.24,263.79,48.59,6.23
2023-03-01,232.41,411.5,234.0,45.48,6.41
2023-03-02,215.78,421.25,253.81,52.26,6.61
2023-03-03,241.99,432.68,261.59,56.95,5.78
2023-03-04,236.83,457.68,280.75,58.36,6.41
2023-03-05,221.87,449.99,263.56,57.28,6.28
2023-03-06,194.84,450.03,300.35,52.05,6.58
2023-03-07,237.32,435.78,248.91,49.96,6.7
2023-03-08,211.7,459.89,290.21,44.82,7.03
2023-03-09,201.59,446.62,276.05,56.31,7.05
2023-03-10,226.83,416.44,291.08,54.32,7.06
2023-03-11,249.53,455.41,282.24,50.42,7.1
2023-03-12,245.5,452.74,298.42,55.67,6.72
2023-03-13,235.9,428.41,276.83,49.24,6.52
2023-03-14,233.57,420.76,258.16,52.18,6.76
2023-03-15,235.79,435.16,296.89,51.08,6.79
2023-03-16,235.66,443.35,281.9,53.63,6.44
2023-03-17,230.8,440.57,283.49,51.98,6.59
2023-03-18,227.65,442.47,301.91,46.66,6.48
2023-03-19,225.13,472.51,267.96,50.45,6.17
2023-03-20,217.26,468.62,286.44,55.02,6.83
2023-03-21,220.02,449.23,271.41,52.65,6.6
2023-03-22,206.15,459.42,275.06,54.78,7.23
2023-03-23,218.86,421.26,279.88,49.07,6.14
2023-03-24,213.44,440.06,253.94,50.94,6.19
2023-03-25,210.7,475.53,258.9,49.43,6.41
2023-03-26,223.45,443.77,297.76,53.8,6.86
2023-03-27,240.09,421.17,301.37,52.61,6.74
2023-03-28,240.17,418.62,285.93,54.58,6.68
2023-03-29,214.12,408.77,286.71,56.57,6.16
2023-03-30,212.46,412.31,277.59,55.78,5.99
2023-03-31,232.26,422.13,303.78,54.09,6.46
2023-04-01,218.04,403.39,284.41,49.13,6.01
2023-04-02,221.75,427.63,286.17,51.13,6.17
2023-04-03,231.0,453.53,302.7,49.87,6.57
2023-04-04,217.82,423.26,273.98,50.15,6.18
2023-04-05,225.13,465.11,306.21,50.12,6.96
2023-04-06,212.18,456.43,261.78,47.98,7.06
2023-04-07,215.95,464.66,303.69,43.9,6.11
2023-04-08,226.7,431.57,281.15,47.18,6.05
2023-04-09,209.78,453.28,276.58,51.15,5.56
2023-04-10,225.99,418.77,246.28,46.93,5.93
2023-04-11,225.94,449.88,262.2,50.42,6.58
2023-04-12,231.84,443.94,256.61,58.03,6.36
2023-04-13,230.06,449.96,262.36,57.22,6.6
2023-04-14,241.38,415.23,272.16,59.12,5.97
2023-04-15,231.64,410.46,294.1,55.27,6.59
2023-04-16,222.77,440.1,287.38,56.8,6.3
2023-04-17,225.75,416.24,286.92,50.6,6.41
2023-04-18,230.91,438.42,262.02,48.98,6.4
2023-04-19,227.1,406.31,258.1,41.12,5.98
2023-04-20,225.69,442.85,303.58,52.45,5.88
2023-04-21,217.29,409.74,272.64,57.05,6.59
2023-04-22,214.98,436.91,304.95,51.05,6.6
2023-04-23,206.31,446.19,281.14,50.24,6.83
2023-04-24,236.59,420.77,278.01,48.2,6.63
2023-04-25,214.02,439.55,295.47,51.51,6.5
2023-04-26,212.79,437.97,303.93,55.04,5.8
2023-04-27,211.91,420.22,281.95,46.0,6.09
2023-04-28,228.32,404.53,270.17,50.76,6.26
2023-04-29,220.49,379.26,272.11,49.72,6.99
2023-04-30,234.06,419.7,279.24,50.7,6.76
2023-05-01,217.67,391.06,290.69,52.14,6.98
2023-05-02,222.46,416.76,278.22,50.23,6.71
2023-05-03,211.89,416.33,284.85,49.88,6.16
2023-05-04,239.69,435.38,304.28,49.32,6.28
2023-05-05,212.72,419.86,287.7,53.21,6.34
2023-05-06,220.02,413.97,281.08,52.37,5.94
2023-05-07,225.26,433.83,246.63,51.34,6.01
2023-05-08,224.17,430.76,216.39,45.73,6.08
2023-05-09,217.2,428.74,259.69,47.08,6.72
2023-05-10,215.32,430.63,263.76,51.87,5.61
2023-05-11,216.2,388.36,257.15,50.2,6.42
2023-05-12,214.07,423.07,267.95,51.79,5.9
2023-05-13,224.7,429.68,265.38,56.04,5.58
2023-05-14,240.58,396.66,284.89,54.67,6.37
2023-05-15,215.86,402.18,271.99,50.86,6.43
2023-05-16,199.5,407.32,253.01,47.5,6.62
2023-05-17,207.62,406.03,277.18,39.24,6.51
2023-05-18,237.64,414.63,262.75,45.01,6.9
2023-05-19,210.67,439.4,270.88,46.08,6.48
2023-05-20,227.78,438.61,255.18,48.8,6.09
2023-05-21,232.86,387.21,246.88,47.61,6.14
2023-05-22,210.49,411.51,256.65,46.55,6.45
2023-05-23,215.09,432.72,257.74,41.02,5.82
2023-05-24,227.12,418.37,265.63,42.18,5.66
2023-05-25,209.16,427.91,254.29,47.38,5.72
2023-05-26,205.12,449.16,222.84,53.16,5.1
2023-05-27,199.44,433.8,237.34,48.43,5.68
2023-05-28,192.69,411.95,262.52,48.38,5.13
2023-05-29,193.98,421.11,250.33,50.43,5.63
2023-05-30,187.82,403.95,246.92,44.75,6.05
2023-05-31,198.66,395.24,266.81,47.04,5.69
2023-06-01,192.93,383.72,242.39,43.73,6.32
2023-06-02,201.22,419.44,219.85,48.23,5.4
2023-06-03,184.38,379.08,236.6,46.96,6.03
2023-06-04,198.59,415.28,235.28,46.96,6.02
2023-06-05,207.58,403.39,225.76,43.05,5.17
2023-06-06,180.03,358.86,236.04,46.96,6.45
2023-06-07,196.07,381.52,250.1,52.82,5.84
2023-06-08,209.28,335.4,244.84,43.63,5.36
2023-06-09,187.08,377.7,248.09,43.07,5.01
2023-06-10,210.1,394.73,274.7,44.77,5.31
2023-06-11,203.27,367.68,244.23,47.09,5.41
2023-06-12,188.84,373.48,245.23,42.93,5.5
2023-06-13,190.74,412.52,231.01,33.59,5.38
2023-06-14,197.17,371.43,220.11,45.33,5.65
2023-06-15,193.44,346.34,220.68,46.61,5.35
2023-06-16,196.58,391.01,221.96,38.1,4.71
2023-06-17,181.6,413.35,236.26,39.38,5.12
2023-06-18,187.95,377.75,274.62,47.24,4.45
2023-06-19,172.63,387.06,231.73,49.03,5.18
2023-06-20,181.1,395.6,223.34,47.65,4.92
2023-06-21,174.71,353.22,226.25,43.19,5.22
2023-06-22,173.95,344.73,234.39,42.61,5.7
2023-06-23,193.81,377.03,233.75,41.55,5.03
2023-06-24,197.63,395.06,250.65,45.5,5.52
2023-06-25,193.1,375.72,190.02,39.52,5.12
2023-06-26,173.25,338.42,171.75,37.83,5.75
2023-06-27,174.83,386.23,198.59,43.54,5.18
2023-06-28,190.74,346.5,233.74,41.41,4.82
2023-06-29,183.64,337.48,196.92,45.61,5.23
2023-06-30,203.75,347.8,159.86,39.55,4.94
2023-07-01,188.94,375.14,210.59,39.75,4.7
2023-07-02,181.76,367.44,219.3,36.62,4.73
2023-07-03,173.72,354.7,197.8,38.8,4.88
2023-07-04,175.34,350.69,192.4,34.1,5.39
2023-07-05,172.2,339.47,190.28,36.02,4.38
2023-07-06,179.67,345.7,207.78,33.13,4.74
2023-07-07,183.9,281.53,199.36,39.57,5.04
2023-07-08,166.25,307.97,215.66,41.44,4.96
2023-07-09,154.61,326.0,161.18,33.3,5.31
2023-07-10,145.2,300.98,179.03,41.43,4.91
2023-07-11,166.37,324.56,178.9,47.8,4.74
2023-07-12,155.19,318.04,193.32,40.99,4.94
2023-07-13,140.2,356.06,191.95,36.4,4.81
2023-07-14,161.78,362.45,214.16,47.01,4.58
2023-07-15,189.74,320.37,173.56,35.55,4.81
2023-07-16,171.28,313.19,193.96,36.66,4.46
2023-07-17,174.01,311.48,208.3,37.41,4.35
2023-07-18,166.28,301.88,234.58,41.58,4.32
2023-07-19,161.47,311.42,200.79,39.24,4.96
2023-07-20,170.12,293.11,204.03,35.4,3.53
2023-07-21,159.42,278.66,167.01,32.52,4.35
2023-07-22,161.48,310.0,144.88,33.66,4.45
2023-07-23,162.09,318.42,194.16,31.53,3.87
2023-07-24,151.29,289.71,193.34,34.46,4.37
2023-07-25,164.91,315.67,213.1,33.06,4.56
2023-07-26,156.17,290.29,173.65,29.25,4.65
2023-07-27,146.88,300.16,194.25,37.6,3.52
2023-07-28,157.1,313.94,223.33,33.84,4.57
2023-07-29,144.54,299.06,206.0,29.88,4.13
2023-07-30,149.95,303.78,197.6,32.42,4.49
2023-07-31,150.63,283.74,189.71,33.88,4.59
2023-08-01,161.79,283.39,159.03,27.84,4.05
2023-08-02,158.18,282.05,200.36,33.18,4.4
2023-08-03,151.31,269.27,177.69,29.83,4.13
2023-08-04,157.58,276.38,189.75,38.36,3.44
2023-08-05,164.95,248.69,156.54,36.64,4.35
2023-08-06,157.9,261.6,152.65,32.77,3.93
2023-08-07,149.53,268.82,196.6,30.29,3.76
2023-08-08,132.63,270.61,177.97,31.66,3.86
2023-08-09,129.66,270.5,203.27,34.48,4.11
2023-08-10,136.26,273.3,183.45,32.97,4.05
2023-08-11,134.56,284.57,146.04,31.74,4.23
2023-08-12,138.01,295.32,182.07,32.22,3.61
2023-08-13,141.13,265.64,166.36,29.94,3.62
2023-08-14,146.58,244.22,183.62,30.06,3.83
2023-08-15,141.46,240.3,176.45,23.89,4.59
2023-08-16,145.32,249.91,146.3,32.65,4.1
2023-08-17,141.61,254.78,166.58,32.81,4.35
2023-08-18,118.65,246.63,207.69,29.01,4.05
2023-08-19,122.21,232.32,189.69,37.12,3.77
2023-08-20,131.22,244.87,174.14,33.12,3.75
2023-08-21,122.33,261.23,188.79,27.89,3.77
2023-08-22,138.26,274.06,177.56,32.86,4.03
2023-08-23,152.42,252.95,173.69,32.65,4.36
2023-08-24,153.02,248.91,149.28,32.49,4.1
2023-08-25,137.78,236.19,164.69,29.48,4.3
2023-08-26,150.74,250.47,182.88,31.56,3.59
2023-08-27,140.18,236.91,155.15,29.61,3.57
2023-08-28,131.57,262.03,185.96,31.81,3.44
2023-08-29,125.75,219.37,168.24,23.77,3.75
2023-08-30,126.94,235.89,148.59,26.44,3.6
2023-08-31,126.08,254.1,175.29,34.71,3.93
2023-09-01,131.38,256.51,160.44,28.41,3.44
2023-09-02,132.56,309.34,173.92,27.02,3.62
2023-09-03,130.98,275.43,159.2,27.08,3.89
2023-09-04,134.78,236.28,158.5,24.35,3.0
2023-09-05,143.56,243.09,167.63,19.99,4.2
2023-09-06,143.41,209.33,166.5,25.54,3.7
2023-09-07,117.55,234.33,125.84,28.43,2.94
2023-09-08,98.32,225.56,128.64,28.58,3.47
2023-09-09,128.95,259.2,165.08,28.25,3.57
2023-09-10,113.76,238.11,157.15,28.76,3.56
2023-09-11,120.99,240.46,147.66,32.29,3.92
2023-09-12,113.03,229.88,129.95,29.05,3.94
2023-09-13,103.82,276.21,129.28,26.7,3.79
2023-09-14,125.49,246.5,112.37,26.97,3.79
2023-09-15,134.1,282.49,140.7,30.03,3.59
2023-09-16,122.51,271.59,140.3,33.82,4.18
2023-09-17,97.73,261.07,133.55,27.78,3.22
2023-09-18,111.63,255.26,147.08,28.48,3.49
2023-09-19,125.53,253.81,158.54,29.5,3.54
2023-09-20,109.94,204.4,192.09,25.12,3.81
2023-09-21,122.62,224.0,138.94,27.33,3.31
2023-09-22,124.24,253.3,169.62,22.76,2.85
2023-09-23,130.89,243.16,175.46,20.31,3.37
2023-09-24,127.99,211.49,146.46,27.03,3.57
2023-09-25,115.59,230.28,154.87,26.41,4.05
2023-09-26,134.6,272.71,145.76,28.26,3.22
2023-09-27,126.04,275.76,154.24,28.03,3.82
2023-09-28,124.82,249.14,179.9,24.6,4.43
2023-09-29,114.93,262.4,171.77,26.83,3.65
2023-09-30,117.1,238.69,167.62,23.33,3.09
2023-10-01,113.12,203.5,149.94,31.47,3.24
2023-10-02,119.42,209.34,126.22,24.3,3.43
2023-10-03,141.13,263.38,141.45,26.21,3.68
2023-10-04,115.31,241.09,170.83,23.83,3.35
2023-10-05,105.07,235.15,131.86,28.77,4.0
2023-10-06,134.46,232.29,128.51,27.1,3.26
2023-10-07,125.7,277.86,148.26,25.96,2.83
2023-10-08,118.33,285.84,134.84,30.44,3.69
2023-10-09,134.16,300.87,134.29,28.92,2.77
2023-10-10,121.74,255.64,140.7,30.19,3.22
2023-10-11,143.66,251.84,126.28,25.35,4.52
2023-10-12,138.31,212.89,128.96,22.45,3.82
2023-10-13,124.6,264.33,159.29,26.9,3.23
2023-10-14,148.42,224.51,133.37,26.77,3.43
2023-10-15,126.71,241.95,120.71,30.08,3.49
2023-10-16,134.52,219.91,134.05,28.63,3.59
2023-10-17,132.4,224.32,162.11,29.23,3.8
2023-10-18,142.48,220.8,154.5,23.06,3.27
2023-10-19,148.44,224.94,147.78,33.54,4.07
2023-10-20,134.38,228.04,154.93,29.54,3.82
2023-10-21,122.14,229.21,126.02,31.41,3.91
2023-10-22,131.45,259.02,156.84,26.65,3.47
2023-10-23,122.54,227.73,164.43,29.28,4.02
2023-10-24,148.38,246.66,153.15,24.49,3.65
2023-10-25,136.69,273.8,174.85,29.25,3.73
2023-10-26,128.2,246.11,144.36,27.91,3.34
2023-10-27,131.71,234.06,175.03,28.92,3.21
2023-10-28,116.98,241.24,167.55,31.63,3.77
2023-10-29,116.81,273.6,157.09,25.75,3.55
2023-10-30,139.88,263.21,159.87,25.97,3.35
2023-10-31,127.63,245.49,159.58,30.11,3.37
2023-11-01,120.19,262.13,183.13,37.16,3.85
2023-11-02,134.94,234.47,150.41,31.53,3.54
2023-11-03,146.53,264.31,146.53,32.47,3.64
2023-11-04,145.47,268.23,177.28,30.38,3.72
2023-11-05,148.44,255.08,158.41,37.01,3.08
2023-11-06,131.31,240.72,179.39,26.17,3.06
2023-11-07,119.58,236.15,200.14,29.45,3.69
2023-11-08,147.16,265.4,170.08,24.5,3.52
2023-11-09,136.69,289.54,180.52,20.02,4.11
2023-11-10,134.73,258.39,152.04,28.58,4.26
2023-11-11,151.14,272.87,177.42,30.69,4.23
2023-11-12,148.4,224.59,175.84,29.94,4.62
2023-11-13,146.97,242.51,180.7,30.43,4.09
2023-11-14,164.94,260.38,163.13,41.89,4.19
2023-11-15,141.3,248.17,140.64,33.69,3.81
2023-11-16,151.18,244.84,172.34,34.02,4.77
2023-11-17,145.48,250.4,137.52,30.16,4.9
2023-11-18,146.48,273.15,158.21,32.42,4.27
2023-11-19,160.5,270.85,187.04,31.33,4.22
2023-11-20,154.49,228.05,183.19,30.51,4.56
2023-11-21,153.51,218.64,213.39,38.18,4.15
2023-11-22,159.35,248.6,206.91,38.35,3.86
2023-11-23,146.52,280.94,176.22,34.87,4.33
2023-11-24,138.23,224.34,179.58,25.4,4.2
2023-11-25,134.12,255.59,179.93,29.48,4.21
2023-11-26,123.75,265.44,153.83,41.54,3.88
2023-11-27,163.42,309.65,157.9,35.02,3.48
2023-11-28,142.71,286.73,166.43,37.85,4.06
2023-11-29,146.32,297.06,143.86,40.0,4.49
2023-11-30,147.38,296.16,174.24,36.49,4.23
2023-12-01,154.41,249.28,178.85,31.85,4.75
2023-12-02,162.43,297.2,156.03,25.01,4.18
2023-12-03,165.9,301.08,186.23,34.0,3.9
2023-12-04,152.37,309.52,201.47,31.58,4.18
2023-12-05,153.27,384.96,198.2,34.46,4.27
2023-12-06,158.86,282.53,188.31,30.46,4.61
2023-12-07,155.57,332.93,202.09,32.84,4.19
2023-12-08,174.68,306.96,208.52,34.73,4.83
2023-12-09,169.3,312.41,204.67,36.25,5.25
2023-12-10,170.87,308.24,184.45,32.0,4.69
2023-12-11,171.2,300.22,198.41,38.95,4.99
2023-12-12,177.29,295.95,219.44,34.9,4.29
2023-12-13,169.33,314.76,195.15,30.05,4.84
2023-12-14,152.05,282.83,235.78,34.21,5.02
2023-12-15,165.32,322.09,202.83,36.1,5.02
2023-12-16,158.91,310.59,203.49,37.25,4.73
2023-12-17,158.91,293.37,192.13,41.94,3.64
2023-12-18,171.27,303.72,205.18,37.89,4.13
2023-12-19,182.47,343.91,175.48,37.23,4.31
2023-12-20,173.7,319.57,188.29,33.73,4.25
2023-12-21,174.74,332.28,183.37,39.55,4.64
2023-12-22,190.34,314.47,204.17,39.21,4.58
2023-12-23,180.33,341.65,226.24,37.14,4.44
2023-12-24,202.78,349.53,227.56,31.47,4.34
2023-12-25,188.79,377.59,175.94,41.63,4.44
2023-12-26,160.83,344.76,238.5,35.47,5.13
2023-12-27,179.5,353.9,227.5,35.99,4.74
2023-12-28,181.86,345.93,206.25,39.62,4.69
2023-12-29,192.77,369.95,217.02,35.41,4.71
2023-12-30,190.23,336.12,221.38,33.25,5.01
2023-12-31,181.62,357.98,208.75,30.54,5.16
